매장명,주소,lat,lon
가든파이브x바쿠스점,"서울특별시 송파구 충민로 66 가든파이브 리빙관 지하1층, 1001호 ",37.477614844251,127.12496176888
가락으뜸점,서울특별시 송파구 송이로24길 3  ,37.493399675414,127.12403480175
가산남성프라자점,서울특별시 금천구 디지털로 130 101호 ,37.475450443366,126.88187360067
가산대명벨리온점,서울특별시 금천구 가산디지털2로 127-33 106호 ,37.478383579952,126.87778988825
가산디지털밸리점,서울특별시 금천구 가산디지털1로 142 108호 ,37.478404705832,126.88335858972
가산디지털역점,서울특별시 금천구 가산디지털1로 168  ,37.479966429878,126.88263620024
가산루벤스점,서울특별시 금천구 가산디지털1로 1 1층 ,37.466279736059,126.88717372317
가산점,서울특별시 구로구 남부순환로105가길 16  ,37.479622137617,126.89276183683
가산지웰점,서울특별시 금천구 가산로9길 12-8  ,37.477416111767,126.89089685964
가산태세라점,서울특별시 금천구 가산디지털2로 46  ,37.472727704692,126.88270992237
가산포휴점,서울특별시 금천구 가산디지털1로 225  ,37.48507253188,126.87888445006
가산GBC점,서울특별시 금천구 가산디지털1로 165(가산동) 101호 ,37.480174528728,126.88107022441
가산SKV1점,서울특별시 금천구 가산디지털1로 171 V1센터 126호 ,37.480762402575,126.88067878151
가양스카이밸리점,"서울특별시 강서구 화곡로 416 131호, 131-1호 ",37.560024014689,126.85541970073
가양역점,서울특별시 강서구 양천로57길 10-11(가양동)  ,37.563258191371,126.85269180244
갈현제일점,서울특별시 은평구 통일로85길 18-1  ,37.622156076775,126.91757701614
갈현타운점,서울특별시 은평구 갈현로19길 4  ,37.615235490347,126.91243477351
감신대점,서울특별시 서대문구 독립문로14길 30 종합관 ,37.566803933958,126.96242074198
강남개포점,서울특별시 강남구 언주로 110 1층 101-나호 ,37.485411528813,127.05470663888
강남구청역점,서울특별시 강남구 선릉로 717  ,37.518696709421,127.0405051192
강남더인피닛점,서울특별시 서초구 사평대로58길 6  ,37.503449205951,127.02349205661
강남리테일점,서울특별시 강남구 봉은사로74길 15  ,37.511565061426,127.05206137188
강남압구정점,서울특별시 강남구 언주로174길 29  ,37.528119006527,127.03643757273
강남역점,서울특별시 강남구 강남대로 지하 396 F-2호 ,37.498608044042,127.02789642968
강동명일로점,서울특별시 강동구 명일로 243  ,37.540463714635,127.14669928507
강동본점,서울특별시 강동구 천호옛길 84  ,37.53613799615,127.12561715876
강동선사점,서울특별시 강동구 고덕로25길 13  ,37.555435643986,127.13628590714
강동엘림스퀘어점,서울특별시 강동구 천호대로161길 15 101호 ,37.53800316006,127.12887450602
강동이씨플라자점,서울특별시 강동구 강동대로 143-40  ,37.527467727131,127.12133633495
강동자이점,서울특별시 강동구 명일로18길 30  ,37.537974327209,127.14794015489
강동혜민점,서울특별시 강동구 성내로 42  ,37.528818707591,127.12477686282
강북제일점,서울특별시 강북구 오현로9길 126-2 지하층 ,37.622287950737,127.03287716198
강서곰달래점,서울특별시 강서구 월정로 128-1  ,37.530638174105,126.83815976937
강서공항타운점,서울특별시 강서구 공항대로8길 40  ,37.55928756134,126.81216782851
강서까치산점,서울특별시 강서구 강서로10길 19(화곡동) 루체비스타 ,37.530385011116,126.84891892447
강서나눔점,서울특별시 강서구 양천로73길 49  ,37.552260464583,126.87420968601
강서내발산점,서울특별시 강서구 강서로47다길 20 1층 ,37.551981920279,126.83412275859
강서등마루점,서울특별시 강서구  등촌로51길 11 (등촌동)  ,37.548825379029,126.86261973189
강서등촌YD점,서울특별시 강서구 공항대로41길 43 101호 ,37.559907349084,126.84554089629
강서백점만점,서울특별시 강서구 강서로45길 73 102호 ,37.548489476489,126.83233834028
강서우장산점,서울특별시 강서구  우장산로 104(화곡동)  ,37.553147016979,126.84750159591
강서우장초교점,서울특별시 강서구 화곡로43길 34 1층 ,37.547225628999,126.84546748566
강서증미점,서울특별시 강서구 양천로60길 43 1층 ,37.556731341127,126.85848360409
강일푸르내점,서울특별시 강동구 상일로12길 99 리엔프라자 1층 108호 ,37.556849356762,127.17292368919
개봉사랑점,서울특별시 구로구 개봉로15길 36  ,37.489956644017,126.85395982962
개봉점,서울특별시 구로구 개봉로12길 12  ,37.488023061781,126.85711105128
개봉중앙점,서울특별시 구로구 개봉로5길 23  ,37.486631777569,126.85427611221
개봉크로바점,서울특별시 구로구 개봉로17바길 58  ,37.493728247346,126.85149412551
개봉푸르지오점,서울특별시 구로구 남부순환로 775  ,37.501567868964,126.84716233519
개포래미안점,서울특별시 강남구 선릉로 8 201동 왼쪽코너 ,37.481287460486,127.06397918908
거여삼거리점,"서울특별시 송파구  마천로 343 , 1층(마천동)  ",37.493056206031,127.1526613297
건대건이점,서울특별시 광진구 능동로8길 22  ,37.536283768659,127.07035725137
건대산학협동관점,서울특별시 광진구 능동로 120 산학협동관 1층 ,37.539182674872,127.07471190226
건대차이나점,서울특별시 광진구 동일로18길 44  ,37.539286086141,127.06516744261
게이트웨이점,서울특별시 용산구 후암로 107  ,37.553461659216,126.97356408407
경희대간호이과대위성점,서울특별시 동대문구 경희대로 26  ,37.593949140776,127.05489096056
경희대간호이과대점,서울특별시 동대문구 경희대로 26  ,37.593949140776,127.05489096056
경희대경영대점,서울특별시 동대문구 경희대로 26  ,37.593949140776,127.05489096056
경희대도서관위성점,서울특별시 동대문구 경희대로 26  ,37.593949140776,127.05489096056
경희대도서관점,서울특별시 동대문구 경희대로 26  ,37.593949140776,127.05489096056
경희대문과대점,서울특별시 동대문구 경희대로 26 경희대학교 문과대 ,37.593744388423,127.05322313932
경희대생과대위성점,서울특별시 동대문구 경희대로 26  ,37.593949140776,127.05489096056
경희대생과대점,서울특별시 동대문구 경희대로 26 경희대학교 생활과학대학 B1 ,37.593949140776,127.05489096056
경희대원룸점,서울특별시 동대문구 천장산로7길 62  ,37.598249223726,127.05447661032
경희대의과대위성점,서울특별시 동대문구 경희대로 26  ,37.593949140776,127.05489096056
경희대의과대점,서울특별시 동대문구 경희대로 26  ,37.593949140776,127.05489096056
경희대정경대점,서울특별시 동대문구 경희대로 26 정경대 ,37.593949140776,127.05489096056
경희대청운관위성점,서울특별시 동대문구 경희대로 26  ,37.593949140776,127.05489096056
경희대푸른솔문화관점,서울특별시 동대문구 경희대로 26 푸른솔광장내 ,37.593949140776,127.05489096056
고대타이거플라자점,서울특별시 성북구 안암로 145 타이거플라자 ,37.588703422366,127.03169833124
고대하나스퀘어점,서울특별시 성북구 안암로 145  ,37.588703422366,127.03169833124
고려대역점,서울특별시 동대문구 고산자로 560  ,37.58935424853,127.036838781
고속터미널영동선1호점,서울특별시 서초구 신반포로 194  ,37.506435473857,127.00683572341
고속터미널영동선2호점,서울특별시 서초구 신반포로 194  ,37.50643574423,127.00683436624
고척사랑점,서울특별시 구로구 고척로27다길 35-11  ,37.50589776218,126.84766991582
고척유니츠점,서울특별시 구로구 중앙로14길 7 상가 101호 ,37.506478,126.861113
공덕스타점,서울특별시 마포구 만리재로10안길 9  ,37.54920929188,126.96085320365
공덕역점,서울특별시 마포구 마포대로 108-1(공덕동)  ,37.544444554176,126.95187218361
공릉개미공원점,서울특별시 노원구 공릉로 111-1  ,37.620314029416,127.07774509915
공릉타운점,서울특별시 노원구 공릉로 191-10(공릉동)  ,37.626714208031,127.0783997339
공릉효성점,서울특별시 노원구 노원로 62  ,37.627697872576,127.08729992312
공릉MS점,서울특별시 노원구 공릉로34길 123  ,37.625487661265,127.08019279193
공항주유소점,서울특별시 강서구 개화동로 420  ,37.574342460134,126.80229063658
과기대누리학사점,서울특별시 노원구 공릉로 232 누리학사 ,37.633078927938,127.07679474285
과기대수림학사점,서울특별시 노원구 공릉로 232 과기대 內 수림학사 ,37.633078927938,127.07679474285
관악난곡로점,서울특별시 관악구 난곡로 272  ,37.478391455132,126.9154119668
관악난곡점,서울특별시 관악구  난곡로24나길 2 (신림동)  ,37.469352759378,126.92122681849
관악난우길점,서울특별시 관악구 난우10길 23  ,37.476256575781,126.91897206317
관악난향점,"서울특별시 관악구 난곡로 60(신림동) 산타플러스B102,103 ",37.460867602729,126.91939558172
관악남부점,서울특별시 관악구 남부순환로172길 13  ,37.48306952421,126.92521036565
관악문성로점,서울특별시 관악구 문성로38길 25  ,37.477539696019,126.93041135355
관악법원단지점,서울특별시 관악구 법원단지13길 16  ,37.47479924802,126.92091552401
관악봉천로91점,서울특별시 관악구 봉천로35길 24-1  ,37.484184176744,126.94549155579
관악신림빌리지점,서울특별시 관악구 남부순환로161나길 40  ,37.485565673518,126.92104946863
관악신림점,서울특별시 관악구 신원로 10  ,37.480277357037,126.92806225726
관악신원점,서울특별시 관악구 남부순환로170길 49(신림동)  ,37.481404246405,126.92374810436
관악조원점,서울특별시 관악구  조원로 79 (신림동)  ,37.484457350172,126.91116164259
관악조은점,서울특별시 관악구  신림로28길 25 (신림동)  ,37.472806744417,126.93525930975
관악초등학교점,서울특별시 관악구 쑥고개로11길 29  ,37.480965216854,126.94241807202
관악행운점,서울특별시 관악구 봉천로53길 12(봉천동)  ,37.482330318435,126.95434064553
관악KS타워점,서울특별시 관악구 양녕로 5  ,37.482489067463,126.94618643003
광나루역점,"서울특별시 광진구 천호대로 808(광장동, 광장12차현대홈타운)  ",37.544950035674,127.10300498379
광운대역점,서울특별시 노원구 석계로 98-1(월계동)  ,37.623502525727,127.06106053588
광진구의점,서울특별시 광진구  자양로 144 (구의동)  ,37.540435114571,127.08364096345
광진군자점,서울특별시 광진구  광나루로 355 (군자동 고려산부인과) ,37.548376773553,127.06934155206
광진리버사이드점,서울특별시 광진구 아차산로78길 44  ,37.550793094642,127.10990711359
광진삼성쉐르빌점,서울특별시 광진구 구의강변로 106  ,37.53985699394,127.09489656845
광진워커힐점,서울특별시 광진구 아차산로 633  ,37.549214765778,127.10761435909
광진자양점,서울특별시 광진구 뚝섬로 644  ,37.531452163036,127.0810242533
광진코지웰점,"서울특별시 광진구 능동로19길 35(화양동, 광진 코지웰)  ",37.547068014965,127.07184990385
광진프라임점,서울특별시 광진구 동일로 92-1 1층 ,37.540826664649,127.06359021051
광진화양점,서울특별시 광진구 아차산로25길 77(화양동)  ,37.544766273038,127.06813421528
광화문시대점,"서울특별시 종로구 사직로8길 42(내수동, 광화문시대) 1층 ",37.573784173406,126.97316681097
교대STS점,서울특별시 서초구 서초대로56길 28  ,37.493279725622,127.01722879071
구디H하우스점,"서울특별시 영등포구 시흥대로 595(대림동, H HOUSE 대림 뉴스테이)  ",37.486080324979,126.90345296523
구로구민회관점,서울특별시 구로구 가마산로25길 8(구로동)  ,37.496724671078,126.89056661348
구로구일점,서울특별시 구로구 구일로4길 26  ,37.491590779561,126.87627575859
구로선우점,서울특별시 구로구 부일로15길 63  ,37.495118078434,126.83169295135
구로스위트점,서울특별시 구로구 가마산로9길 7  ,37.491313872012,126.88134271912
구로스카이점,서울특별시 구로구 구로동로7길 100  ,37.485998762846,126.88118661136
구로역점,서울특별시 구로구 새말로 18(구로동)  ,37.501986104609,126.88314560459
구로중앙로점,서울특별시 구로구 구로중앙로28길 52  ,37.499736634093,126.88853238056
구로초교점,서울특별시 구로구 구로중앙로27다길 26 1층 ,37.496445941756,126.88418398227
구로행운점,서울특별시 구로구 구로동로18길 27  ,37.487939001929,126.88613708243
구로MS점,서울특별시 구로구 시흥대로163길 15  ,37.48151040426,126.89913084345
구로NHNKCP점,서울특별시 구로구 디지털로26길 72  ,37.480689663764,126.89610192626
구리(퇴계원방향)담배점,경기도 구리시 서울외곽순환고속도로 32  ,37.627790761478,127.13936462697
구리(퇴계원방향)휴게소점,경기도 구리시 서울외곽순환고속도로 32 구리고속도로휴게소 ,37.627789589535,127.1393651912
구산타운점,서울특별시 은평구 갈현로 159  ,37.612058858234,126.91120612646
구의강변점,서울특별시 광진구 구의강변로 64  ,37.535828566689,127.09258367219
구의르네점,서울특별시 광진구 광나루로39길 7  ,37.545324481987,127.0890561713
구의사거리점,서울특별시 광진구 자양로 211  ,37.546297434931,127.08631355058
국민대공학관점,서울특별시 성북구 정릉로 77  ,37.61028784309,126.99852064481
국민대과학관점,서울특별시 성북구 정릉로 77 과학관 ,37.61028784309,126.99852064481
국민대북악관점,서울특별시 성북구 정릉로 77 북악관 ,37.61028784309,126.99852064481
국민대생활관점,서울특별시 성북구 정릉로 77  ,37.61028784309,126.99852064481
국민대오복점,서울특별시 성북구 정릉로6길 41-3  ,37.610342135819,126.99432811502
군자CGV점,서울특별시 광진구 능동로 285  ,37.555521578143,127.07817117373
금천구청역점,서울특별시 금천구 시흥대로73길 67 금천엠타워 104호 ,37.455943996935,126.89574736821
금천대성점,서울특별시 금천구 독산로10길 37  ,37.450259794092,126.90803316931
금천박미점,서울특별시 금천구 시흥대로26길 11  ,37.442043471727,126.90465315703
금천별장점,서울특별시 금천구 금하로24길 81  ,37.447453195522,126.90927519944
금천부흥점,서울특별시 금천구 벚꽃로 176  ,37.470803473632,126.88787232848
금천빌리지점,서울특별시 금천구 독산로33길 33  ,37.456717501458,126.90358351733
금천점,서울특별시 금천구  범안로12가길 27 (독산동)  ,37.465581707432,126.89326727828
금천탑골로점,서울특별시 금천구 탑골로2길 8  ,37.451288156729,126.91078385499
금천한미점,서울특별시 금천구 독산로 134  ,37.459275834241,126.90525293748
길동제일점,서울특별시 강동구 양재대로 111길 10  ,37.537211279292,127.139111133
길음현대점,서울특별시 성북구 동소문로 303  ,37.607232181682,127.02828111933
까치고개점,서울특별시 관악구 남부순환로 1964  ,37.475498079599,126.96684051555
남구로역점,서울특별시 구로구  구로동로 13 (가리봉동)  ,37.482897681555,126.88688643156
내곡플라자점,서울특별시 서초구 헌릉로8길 9-8  ,37.456689804903,127.05997581582
내방역점,서울특별시 서초구  서초대로 23길 21 정방빌딩 1층 편의점 ,37.488382839838,126.99208495257
노량진로점,서울특별시 동작구 노량진로8길 26  ,37.512574415467,126.93677682514
노량진중앙점,서울특별시 동작구 노량진로12길 11  ,37.512715851473,126.93844166719
노원공릉점,서울특별시 노원구 공릉로27길 90 1층 ,37.624923488466,127.07773177507
노원역점,서울특별시 노원구 상계로 64  ,37.655793177701,127.06227915296
노원청암아파트점,서울특별시 노원구  덕릉로94가길 20 (상계동 청암2단지아파트)  ,37.662533892755,127.07813818377
노원청원학원점,서울특별시 노원구 한글비석로 506 청원학원 행정동 1층 ,37.665251546465,127.062532889
녹번아르체점,서울특별시 은평구  서오릉로 30  ,37.603810006578,126.92549734186
녹번역이편한점,서울특별시 은평구 은평로 220  ,37.600534384472,126.93209885653
녹번역힐스테이트점,서울특별시 은평구 통일로 610 지하 3층 ,37.601982445629,126.9359478295
논현101점,서울특별시 강남구 선릉로145길 7  ,37.521324744937,127.03892735962
논현개나리점,서울특별시 강남구 학동로26길 25  ,37.511783784966,127.03017705347
논현청학점,"서울특별시 강남구 도산대로 232(논현동, 청학아파트)  ",37.520385929633,127.0325786695
뉴가양8단지점,"서울특별시 강서구 허준로 176 상가동 105호, 106호 ",37.561860495078,126.85680807606
뉴강남도곡점,서울특별시 강남구 논현로38길 8  ,37.485087904378,127.04238332954
뉴마곡747점,서울특별시 강서구 공항대로 168  ,37.559273639191,126.82613698149
능동점,서울특별시 광진구 천호대로122길 33(능동)  ,37.552131757743,127.08741823746
당산국회대로점,서울특별시 영등포구 국회대로38길 18  ,37.525453838692,126.89867225219
당산온누리점,서울특별시 영등포구 영등포로29길 14  ,37.522004826848,126.90039559111
당산점,서울특별시 영등포구 당산로37길 7  ,37.529632619344,126.8974492746
대림다사랑점,서울특별시 영등포구 디지털로53가길 2-2  ,37.491258279621,126.90078798792
대림신길점,서울특별시 영등포구  신길로15길 14 1층 ,37.497165388902,126.90678602117
대림역점,서울특별시 구로구 구로중앙로8길 38  ,37.492584455657,126.89372437512
대림점,서울특별시 영등포구 디지털로 343  ,37.488756033251,126.89891146496
대림중심점,서울특별시 구로구  구로중앙로14길 28 (구로동)  ,37.493593534989,126.89227834949
대림차이나점,서울특별시 영등포구 디지털로37길 17  ,37.49021621951,126.89819294206
대림타운점,서울특별시 영등포구 디지털로38길 15  ,37.487949229944,126.90056169862
대방스위트점,서울특별시 동작구 대방동27길 91  ,37.501171120131,126.92422425238
대웅제약점,서울특별시 강남구 봉은사로114길 12  ,37.514425656149,127.06546886598
대조공원점,서울특별시 은평구 연서로24길 10  ,37.615984015868,126.9197630483
대치삼성점,서울특별시 강남구 삼성로57길 35  ,37.497313944694,127.05824811313
대치은마점,서울특별시 강남구 삼성로58길 39 1층 102~103호 ,37.499462350667,127.06440633584
대치휘문점,서울특별시 강남구 역삼로 531(대치동) 청우빌딩 ,37.504077301323,127.06101290361
대치SK점,서울특별시 강남구 삼성로51길 11 강남대학교 카이로스빌딩 ,37.496292820273,127.06060399091
대한항공본사점,서울특별시 강서구 하늘길 260 5F ,37.547745806062,126.81428315304
덕성여대후문점,서울특별시 도봉구 우이천로 446-5  ,37.653209385385,127.01723009029
도림금빛점,서울특별시 영등포구 도림로113길 17(도림동)  ,37.508831498899,126.89793591791
도봉구청점,서울특별시 도봉구 마들로 661  ,37.669200064021,127.0459413479
도봉법원점,서울특별시 도봉구 마들로 735-8  ,37.676180108108,127.04781830042
도봉서울가든점,서울특별시 도봉구 도봉로187길 63  ,37.686126724166,127.04241300473
도산대로점,서울특별시 강남구 도산대로 309 1층 ,37.522348195989,127.03518769441
도화현대점,서울특별시 마포구 새창로 40  ,37.541242903465,126.95403555562
독산정다운점,서울특별시 금천구 범안로15길 27  ,37.467739618156,126.89256007834
동국대문화관위성도서관점,서울특별시 중구 필동로1길 30  ,37.558936640155,126.99873760549
동국대문화관위성법학관점,서울특별시 중구 필동로1길 30  ,37.558936640155,126.99873760549
동국대문화관점,서울특별시 중구 필동로1길 30 동국대학교 문화관 1층 ,37.558936640155,126.99873760549
동국대학림관점,서울특별시 중구 필동로1길 30 동국대학교 학림관 B1 ,37.558936640155,126.99873760549
동대문브이티점,서울특별시 동대문구 장한로28가길 17 101호 ,37.57378694703,127.07249658717
동대문승리점,서울특별시 중구 퇴계로73길 40  ,37.566971260286,127.01403113047
동대문신설점,서울특별시 동대문구 왕산로 27(신설동)  ,37.576869267484,127.02644033996
동대문에비뉴점,서울특별시 중구 을지로44길 24-4(광희동1가) 에비뉴모텔 1층 ,37.565162728733,127.00624798063
동대문역사문화공원역점,서울특별시 중구 장충단로 228-2(을지로7가) 2층 ,37.565029281978,127.00790503965
동대문점,서울특별시 중구 장충단로 지하 280  ,37.569195354604,127.0096803643
동대문황물로점,서울특별시 동대문구 황물로 111  ,37.569047413294,127.05185187508
동대사랑점,서울특별시 중구 퇴계로44길 8(필동2가)  ,37.561522834977,126.9971885455
동덕여대점,서울특별시 성북구 화랑로13길 14 1층 ,37.604072486054,127.04270770129
동부이촌점,서울특별시 용산구 이촌로65가길 66 103호 ,37.520963892383,126.97464387105
동소문중앙점,서울특별시 성북구 동소문로3길 4  ,37.589103929861,127.00661682809
동신한강타운점,"서울특별시 강서구 강서로 532 상가동 108,114,115호 ",37.571275035833,126.842277493
동작사당점,서울특별시 동작구 동작대로1길 45 1층 ,37.477234553675,126.97880099946
동작상도점,서울특별시 동작구 상도로 37길 30  ,37.501080109051,126.95012789113
둔촌수진점,서울특별시 강동구 진황도로 167-7  ,37.531314464869,127.1426927261
등촌백석점,서울특별시 강서구 등촌로55길 50-7  ,37.550362132856,126.86078362888
등촌서현점,서울특별시 강서구 양천로 626  ,37.554056573722,126.86702935087
등촌파밀리에점,서울특별시 강서구 공항대로53가길 40  ,37.555106956481,126.85872818654
등촌현대점,서울특별시 강서구 공항대로45길 24  ,37.556219490843,126.85529214759
디지털큐브점,서울특별시 마포구 상암산로 34 지하1층 B131호 ,37.576189543043,126.8892087996
마곡골든점,서울특별시 강서구 마곡중앙6로 89  ,37.56017098285,126.83729176518
마곡대방점,서울특별시 강서구 양천로 344(마곡동)  ,37.568266019278,126.8403595631
마곡미르웰점,서울특별시 강서구 강서로 447(마곡동)  ,37.565515930868,126.84004046786
마곡에코점,서울특별시 강서구 마곡중앙로 161-11(마곡동)  ,37.567972976576,126.8267207568
마곡일성점,서울특별시 강서구 마곡중앙로 161-22(마곡동)  ,37.568638337643,126.82578650365
마곡지웰점,서울특별시 강서구 공항대로 200  ,37.558963424077,126.82947148949
마곡퀸즈점,서울특별시 강서구 공항대로 247  ,37.55931354164,126.83523920295
마곡타워점,서울특별시 강서구 공항대로 213 보타닉파크타워2 118호 ,37.559697754949,126.831366707
마곡파인스퀘어점,서울특별시 강서구 마곡중앙8로5길 11  ,37.56191008869,126.83709840162
마곡GMG타워점,서울특별시 강서구 마곡중앙6로 16 109호 ,37.560401551581,126.82900620817
마곡W타워점,서울특별시 강서구 마곡중앙2로 11  ,37.558208158534,126.82806981092
마장형제점,서울특별시 성동구 고산자로26길 15  ,37.57057605591,127.03946937965
마천파크데일점,서울특별시 송파구 성내천로 261 101호 ,37.497227016414,127.15435366027
마포노고산점,서울특별시 마포구 서강로20길 14  ,37.553778751436,126.9363346181
마포망원점,서울특별시 마포구 월드컵로31길 44  ,37.561003646765,126.90239851131
마포서교점,서울특별시 마포구 홍익로5길 36  ,37.55363577957,126.92046369528
마포성산법정점,서울특별시 마포구 월드컵북로 132  ,37.564752149486,126.91263289238
마포성산점,서울특별시 마포구 성미산로 91  ,37.561266638313,126.91763666992
마포연남점,서울특별시 마포구 동교로 281  ,37.564376740537,126.92643431499
마포중앙도서관점,서울특별시 마포구 성산로 128(성산동) 마포중앙도서관 1층 ,37.563552850149,126.90895802518
마포프라디움점,서울특별시 마포구 모래내로1길 3 103호 ,37.564551369863,126.90388795254
마포프레스티지점,서울특별시 마포구 대흥로24길 24  ,37.553973975608,126.94766152266
마포하이엘점,서울특별시 마포구 마포대로 173 1층 105호 ,37.549902028682,126.95445788913
마포합정점,"서울특별시 마포구 희우정로7길 12(합정동, 진흥푸르지오)  ",37.551065835552,126.9053971486
망우로이점,서울특별시 중랑구 용마산로117길 17  ,37.600209186858,127.09945887646
망우사거리점,서울특별시 중랑구 망우로66길 13  ,37.598958460097,127.09974563177
망우역점,서울특별시 중랑구 망우로 372-1  ,37.598131006354,127.09356479329
망원제일점,서울특별시 마포구 동교로 63(망원동)  ,37.553627690511,126.90924623652
먹골역점,서울특별시 중랑구 동일로 907  ,37.611322453157,127.07730988821
메리어트점,서울특별시 서초구 사평대로 205(반포동) BP4-10호 ,37.504492843781,127.00784436615
메사빌딩점,서울특별시 중구 남대문시장10길 2 16층 ,37.560375038181,126.97960029056
면목미래점,서울특별시 중랑구 면목로72가길 19  ,37.586698770788,127.08914438817
면목본점,서울특별시 중랑구 겸재로9길 15  ,37.587087197177,127.07820145495
면목사랑점,서울특별시 중랑구 면목로56길 30  ,37.583905319156,127.08999346326
면목역점,서울특별시 중랑구 겸재로44길 6  ,37.5882801,127.0883771
면목행복나눔점,서울특별시 중랑구 동일로 689 1층 ,37.592018560955,127.0798711896
면목혜원점,서울특별시 중랑구 상봉로 69  ,37.592123321709,127.09317886077
명동중앙로점,서울특별시 중구 명동8길 21-7 지하1층 ,37.562915778547,126.98516794323
목2동점,서울특별시 양천구 목동중앙본로 57  ,37.541119862681,126.86880289756
목동5단지점,서울특별시 양천구 목동동로 350 C동 109호 ,37.535158231317,126.8818745264
목동5A상가점,서울특별시 양천구 목동동로 350 A상가 107호 ,37.535158231317,126.8818745264
목동공원점,서울특별시 양천구 목동서로 133-2(목동) 목동하나프라자 107호 ,37.531602254614,126.87598794662
목동로데오점,"서울특별시 양천구 신정중앙로19길 7(신정동, 춘당아네시스)  ",37.527280004018,126.86150452844
목동법원점,서울특별시 양천구 오목로48길 30  ,37.523187788481,126.86316518199
목동파리공원점,서울특별시 양천구  목동서로 57 목동 현대파리지앙 ,37.536633842069,126.87986274616
목동파크자이점,서울특별시 양천구 목동남로4길 80  ,37.508532063474,126.86847088054
목동홈힐스테이트점,서울특별시 양천구 중앙로36길 10  ,37.519331932859,126.85499532498
묵동자이점,서울특별시 중랑구 숙선옹주로 6-9  ,37.614842144969,127.07788868293
문래삼환점,서울특별시 영등포구 도림로143길 30  ,37.513519783742,126.88991015028
문래에이스점,서울특별시 영등포구 선유로13길 25 101~102호 ,37.518980568389,126.88627997006
문정래미안점,서울특별시 송파구 문정로 83  ,37.489205125156,127.1302333271
문정에코점,서울특별시 송파구 정의로7길 6 에코힐스테이트송파 115호 ,37.485693086576,127.11448816696
문정테라타워점,서울특별시 송파구 송파대로 201 A동 지1층 지-115호 ,37.48782776597,127.12063345263
문정트라움점,서울특별시 송파구 동남로8길 30-25 103호 ,37.487658959814,127.12687209677
문정푸르지오점,서울특별시 송파구 법원로4길 5  ,37.482913928496,127.12187332403
미아성신점,서울특별시 강북구 덕릉로30길 74 1층 101호 ,37.631436931406,127.02601103809
미아솔매점,서울특별시 강북구 솔매로 146-1  ,37.626691341223,127.02837809602
미아역점,서울특별시 강북구 도봉로54길 6(미아동) 1층 ,37.627029207901,127.02645356667
미아지웰점,서울특별시 강북구 도봉로76길 42-1(미아동)  ,37.633289319077,127.02618841817
반포가온점,서울특별시 서초구  사평대로55길 65-11  ,37.506581553649,127.02109080376
반포레드점,서울특별시 서초구 신반포로 177  ,37.506099547566,127.0034073282
반포서래마을점,서울특별시 서초구 서래로 5길 96  ,37.497753361861,126.99282580936
반포예일점,서울특별시 서초구 서초중앙로33길 20  ,37.50102922215,127.00991583409
반포주흥점,서울특별시 서초구 주흥길 69  ,37.508827212539,127.01900129332
발산현대점,서울특별시 강서구 남부순환로19길 81  ,37.54706626263,126.82428415695
방배경찰서점,서울특별시 서초구 방배천로 62  ,37.482082005831,126.98282352827
방배백석점,서울특별시 서초구 방배로 83-13  ,37.482170597553,126.99640641374
방배아트점,서울특별시 서초구 방배로4길 5  ,37.47818368591,127.0004296156
방배현대점,서울특별시 서초구  서초구 청두곶길  55(방배동)  ,37.481703924263,126.98536524947
방송통신대본부점,서울특별시 종로구 대학로 86 한국방송통신대학교 대학본부1층 ,37.579195486238,127.00329088097
방학역점,서울특별시 도봉구 도봉로150길 27 102~103호 ,37.666169888435,127.04476537807
방학학마을점,서울특별시 도봉구 도당로 115(방학동)  ,37.667213123995,127.03922569312
방화역점,서울특별시 강서구 금낭화로 136(방화동) 에어뷰21-2 ,37.5773449,126.8130013
배곧로얄테크노점,경기도 시흥시 서울대학로 59-21  ,37.357572954521,126.70599208446
배곧아브뉴프랑점,경기도 시흥시 서울대학로278번길 8 109호 ,37.369660297822,126.72654512952
배민점,서울특별시 송파구 위례성대로 2 18층 ,37.516923591701,127.11276674161
번동드림타워점,서울특별시 강북구 도봉로96길 5-11(번동)  ,37.641112617133,127.02979873749
번동승리점,서울특별시 강북구 덕릉로 117  ,37.635135306451,127.02677672255
번동중앙점,서울특별시 강북구 도봉로102길 64(번동)  ,37.640434246817,127.03292107382
보광사랑점,서울특별시 용산구 장문로45길 73  ,37.529166185219,127.00026247004
보라매농심점,서울특별시 동작구 여의대방로22길 4  ,37.49752831259,126.92006185005
보라매역점,서울특별시 영등포구  여의대방로 145 세인트빌딩 ,37.500209658782,126.91999113775
보라매자이점,서울특별시 동작구 여의대방로22길 121 상가 1124호 ,37.498351918086,126.9252860489
봉일시장점,서울특별시 관악구 봉천로23나길 45  ,37.486984624992,126.93787471003
봉천태양점,서울특별시 관악구 양녕로6길 38(봉천동) 1층 ,37.484424431124,126.94881642993
북가좌점,서울특별시 서대문구 응암로2길 16 1층 ,37.580065492593,126.91231669203
북서울숲1호점,서울특별시 강북구 월계로 173  ,37.620255632336,127.04432541236
북서울숲2호점,서울특별시 강북구 월계로 173  ,37.620255632336,127.04432541236
북악스카이웨이점,서울특별시 종로구 북악산로 267  ,37.601975429062,126.98055128264
불광에비뉴점,서울특별시 은평구 통일로71길 24-1  ,37.612681625822,126.92712849725
불광역점,서울특별시 은평구  통일로65길 11 1층 ,37.608930206589,126.92970076555
불광천점,서울특별시 서대문구 불광천길 156  ,37.582095450074,126.90912564888
불광타운점,서울특별시 은평구 통일로82길 21  ,37.621674938997,126.92018284129
사근초교점,서울특별시 성동구  사근동11길  12  ,37.562158127417,127.04823881018
사당남사점,서울특별시 동작구  동작대로19길 16 (사당동)  ,37.483534130953,126.98086491356
사당사계시장점,서울특별시 동작구 동작대로31길 30  ,37.489080739438,126.9808770676
사당역점,서울특별시 동작구 남부순환로 2045  ,37.476758912324,126.97598403958
삼성119점,서울특별시 강남구 봉은사로 478 1층 109호 ,37.512637211362,127.05277198662
삼성래미안점,서울특별시 강남구 봉은사로109길 35  ,37.517039993126,127.06284234999
삼성애플트리점,서울특별시 강남구 테헤란로 443  ,37.506949495912,127.05559661585
삼성에이스점,서울특별시 강남구 영동대로 640  ,37.518396808121,127.05954951023
삼청동점,서울특별시 종로구  삼청로 68  ,37.581577545305,126.98133345694
상계7단지점,서울특별시 노원구 상계로1길 66  ,37.659008292121,127.06149577921
상계벽산점,"서울특별시 노원구 한글비석로 396 , 109동 1층 17~18호 ",37.662303018462,127.07358174697
상계주공6단지점,서울특별시 노원구 노해로 506 101호 ,37.654826651595,127.06420700691
상도역점,서울특별시 동작구 상도로 257  ,37.504319037061,126.94700767657
상림푸르지오점,서울특별시 은평구 진관4로 100  ,37.649805989883,126.93315115175
상봉역점,서울특별시 중랑구 봉화산로30길 99(상봉동)  ,37.597791226489,127.08538556818
상봉중앙점,서울특별시 중랑구 중랑천로10길 49-13  ,37.592835183784,127.07568742397
상암푸르지오점,서울특별시 마포구 월드컵북로54길 25  ,37.582092642476,126.88898472011
상왕십리역점,서울특별시 성동구 왕십리로31나길 43  ,37.563887159402,127.02886246158
상일푸른점,서울특별시 강동구 천호대로221길 21  ,37.547831308553,127.17259437575
서교미래점,서울특별시 마포구  월드컵북로5나길 21  ,37.557548719385,126.9160367117
서교중앙점,서울특별시 마포구 월드컵북로5길 68  ,37.556105666679,126.9151327099
서교초점,서울특별시 마포구 와우산로27길 48  ,37.55499807983,126.92599412674
서남병원점,서울특별시 양천구 신정이펜1로 20  ,37.512019358837,126.8331299304
서대문연희점,서울특별시 서대문구 연희로4길 5  ,37.561767425494,126.92769875679
서대문증가로점,서울특별시 서대문구 증가로 21길 20-7 1층 ,37.580391012919,126.91426750309
서소문순화점,서울특별시 중구 서소문로 89  ,37.562593251881,126.97082564929
서울고속터미널1호점,서울특별시 서초구 신반포로 194 서울고속터미널內 ,37.506435473857,127.00683572341
서울고속터미널2호점,"서울특별시 서초구 신반포로 194 서울고속버스터미널 영동선 하차장부 BA-1,2 ",37.506435473857,127.00683572341
서울고속터미널3호점,서울특별시 서초구 신반포로 194 지하1층 ,37.50643574423,127.00683436624
서울고속터미널4호점,서울특별시 서초구 신반포로 194  ,37.506435473857,127.00683572341
서울남부터미널점,서울특별시 서초구  효령로 292 남부터미널 118호 ,37.483545526379,127.01510998194
서울대입구역점,서울특별시 관악구 남부순환로 1849  ,37.480478291405,126.95551307598
서울숲뚝섬점,서울특별시 성동구 왕십리로14길 30-3  ,37.5483660226,127.04733367258
서울숲ITCT점,서울특별시 성동구 성수일로 10 104호 ,37.541276352813,127.04882732177
서울시청점,서울특별시 중구 무교로 6(을지로1가) 금세기빌딩 ,37.56648016759,126.97947185293
서울어린이대공원정문점,서울특별시 광진구 능동로 216  ,37.552011702495,127.0787723914
서울조선호텔점,서울특별시 중구 소공로 106 지하1층 ,37.564483681788,126.9801832153
서울창업허브점,서울특별시 마포구 백범로31길 21  ,37.547452460965,126.95059152757
서일사랑점,서울특별시 중랑구 용마산로90길 28(면목동)  ,37.586238345654,127.09748690183
서초네오점,서울특별시 서초구 서초중앙로20길 37  ,37.49254067976,127.01623714978
서초동아타워점,서울특별시 서초구 서운로 138 107-2호 ,37.495994185,127.02526739504
서초래미안점,서울특별시 서초구 서초대로65길 13-10  ,37.49742766488,127.0191522012
서초리슈빌점,서울특별시 서초구 반포대로12길 37  ,37.485393711737,127.01330590832
서초승리점,서울특별시 서초구 서초대로78길 48  ,37.493489885896,127.0286063633
서초에이스점,서울특별시 서초구 서초중앙로22길 105  ,37.494547980808,127.01955855885
서초옴니버스파크점,서울특별시 서초구 반포대로 222 서울성모병원 가톨릭대학교 옴니버스파크 지하 3 ,37.502393615807,127.00586060434
서초위브점,서울특별시 서초구 강남대로39길 5  ,37.486180141455,127.03262260574
서초점,서울특별시 서초구 반포대로1길 25  ,37.481725883603,127.01161825869
서초중앙점,서울특별시 서초구 서초중앙로 14  ,37.483541566574,127.017674291
서초프라임점,서울특별시 서초구  방배천로2길 22 서초프라임요양병원 1층 ,37.476719354103,126.9839281679
석관중앙점,서울특별시 성북구 한천로71길 26  ,37.608958327844,127.06260000224
석관한천점,서울특별시 성북구 한천로78길 49  ,37.612685379746,127.06456830096
석촌나인파크점,서울특별시 송파구 송파대로49길 50  ,37.506277360478,127.09938796121
석촌호수점,서울특별시 송파구 송파대로 456  ,37.507190328291,127.10584188984
선릉청운점,서울특별시 강남구 선릉로 578(삼성동) 태정빌딩 ,37.510096310242,127.04415613303
성공회대점,서울특별시 구로구 연동로 320 지하1층 ,37.487523597828,126.82616353505
성균관법고을점,서울특별시 종로구 성균관로 25-2  ,37.58722840825,126.99311511629
성내성안로점,서울특별시 강동구 성안로9길 16  ,37.529332002,127.13045239699
성내수자인점,서울특별시 강동구 성안로3길 13  ,37.525744252155,127.12877637419
성대후문점,서울특별시 종로구 명륜3길 10  ,37.58906433524,126.99432520108
성동금호산점,서울특별시 성동구 금호산길 42  ,37.552003211376,127.0194998908
성동금호점,서울특별시 성동구 장터길 31  ,37.548489238555,127.01943232245
성동송정점,서울특별시 성동구 광나루로11길 4  ,37.548638387387,127.06562099355
성동연무장점,서울특별시 성동구  연무장길 58-1 (성수동2가)  ,37.542228352124,127.05573934998
성동자이점,서울특별시 성동구 고산자로2길 67  ,37.556297178279,127.03802747193
성동플라이쿱점,서울특별시 성동구 동일로 287  ,37.557107594348,127.07209755117
성북돌곶이점,서울특별시 성북구 화랑로 245  ,37.61089157872,127.05653408894
성북삼선으뜸점,서울특별시 성북구 삼선교로18길 44  ,37.58898791902,127.01432511617
성북삼선점,서울특별시 성북구 동소문로10길 25  ,37.589485560006,127.01166216243
성북석관고교점,서울특별시 성북구 한천로68길 36  ,37.609359445961,127.06607488799
성북숭례초교점,서울특별시 성북구 북악산로31길 40  ,37.594311270172,127.03495002053
성북아리랑점,서울특별시 성북구 아리랑로12길 3  ,37.599231758263,127.01421044311
성북장위점,서울특별시 성북구 장월로 89-1  ,37.613868319772,127.04873645359
성북정릉점,서울특별시 성북구  솔샘로6길 46 1층 1호 ,37.609361738804,127.00778741396
성북희망점,서울특별시 성북구 삼선교로18나길 26  ,37.587849056145,127.01439283135
성산아이파크점,"서울특별시 마포구 모래내로9길 6(성산동, 월드컵아이파크) 상가 101호 ",37.567539391655,126.91449503493
성수백영점,서울특별시 성동구 성수일로 56(성수동2가)  ,37.545387826028,127.05046400677
성수본사점,서울특별시 성동구 뚝섬로 377 6층 ,37.540020402853,127.0529089557
성수삼환점,서울특별시 성동구 아차산로15길 52  ,37.547327058428,127.06466929108
성수유원점,서울특별시 성동구 성수일로6길 53  ,37.544214671783,127.05578937288
성수으뜸점,서울특별시 성동구 둘레15길 19  ,37.536541401887,127.05539568252
성수이로점,서울특별시 성동구 연무장18길 12  ,37.539717036576,127.06163936175
성수한라점,서울특별시 성동구 성수이로7길 7 103~104호 ,37.5398106,127.0544697
성수AK점,서울특별시 성동구 연무장길 76  ,37.541505974482,127.05752661804
성수IT점,서울특별시 성동구 광나루로 130 103호 ,37.5509788,127.0447207
성신로데오점,서울특별시 성북구 동소문로20길 31(동선동1가)  ,37.591157157221,127.01697505332
성신여대수정관점,서울특별시 성북구 보문로34다길 2 수정관 1층 ,37.591652476724,127.02214561649
성심여중고점,서울특별시 용산구 원효로 19길 58 1층 ,37.533385117948,126.95502005779
세종대광개토관점,서울특별시 광진구 능동로 209 세종대학교 광개토관 B1 ,37.551608137945,127.07318318831
세종대기숙사점,서울특별시 광진구 군자로 121  ,37.553727468272,127.07288682944
세종대율곡관점,서울특별시 광진구 능동로 209 세종대학교 율곡관B1 ,37.551608137945,127.07318318831
세종대후문점,서울특별시 광진구 군자로 133  ,37.553945658506,127.07409536939
센트럴시티3호점,서울특별시 서초구 신반포로 176  ,37.50393517699,127.00241300679
센트럴시티점,서울특별시 서초구 신반포로 176 1층 124호 ,37.50393445623,127.00241119724
센트럴키오스크점,서울특별시 서초구 신반포로 176  ,37.50393445623,127.00241119724
셀립여의에프앤비점,서울특별시 영등포구 영등포로 389(신길동) 베니키아프리미어여의도호텔 1층 ,37.513851143787,126.92160616029
셀립은평점,서울특별시 은평구 통일로 742  ,37.61182371047,126.92936132382
송파문정점,서울특별시 송파구 송이로34길 15  ,37.486162173801,127.13127279928
송파산성점,서울특별시 송파구 성내천로63길 6  ,37.490338869243,127.15725704504
송파센트럴오금점,"서울특별시 송파구 동남로29길 4 106호, 107호 ",37.505208939156,127.1383471337
송파엠스테이트점,서울특별시 송파구 법원로 114 B동 B1층 ,37.486054197421,127.12101051106
송파이웃사랑점,서울특별시 송파구 송이로19길 9  ,37.497762391312,127.12226430248
송파파인타운점,서울특별시 송파구 충민로 151 단지상가 102호 ,37.483516774742,127.13130887407
송파파크팰리스점,서울특별시 송파구 동남로 227  ,37.497446219676,127.13238755787
송파한신점,서울특별시 송파구 동남로3길 9  ,37.490425563633,127.12202404429
송파해누리점,서울특별시 송파구 송파대로37길 98  ,37.498718917398,127.10171557738
송파행운점,서울특별시 송파구  백제고분로40길 11  ,37.503655840406,127.10647226827
송파BRCM3호점,서울특별시 송파구 마천로 14  ,37.509923497882,127.12237857777
송파BRCM올림픽점,서울특별시 송파구 위례성대로12길 4  ,37.513353974096,127.1226446705
송파BRCM점,서울특별시 송파구 가락로 275  ,37.512503939469,127.11941833233
수락상록점,"서울특별시 노원구 동일로 241가길52(상계동,스위트리아)  ",37.676704981465,127.05195311727
수락은빛점,서울특별시 노원구 동일로250길 17  ,37.68246226612,127.05677088095
수유사랑점,서울특별시 강북구 한천로140길 17  ,37.640832115332,127.02729690059
수유아트리체점,서울특별시 강북구 한천로 1174  ,37.648305244234,127.01527020959
수유청수점,서울특별시 강북구 인수봉로55길 8  ,37.63689109623,127.01244349806
수유포엠빌점,서울특별시 강북구 한천로139가길 26  ,37.640530855667,127.02513645543
수유현대점,서울특별시 강북구 한천로 1131  ,37.64543585026,127.01862449727
숙대도서관점,서울특별시 용산구 청파로43길 70  ,37.544167230216,126.96679552754
숭실대라운지점,서울특별시 동작구 상도로 369 신양관 1층 ,37.496428968863,126.9551579174
숭실대역점,서울특별시 동작구  상도로62길 10  ,37.494955177033,126.95417916918
숭실대조만식기념관점,서울특별시 동작구 상도로 369 조만식기념관2F ,37.496428968863,126.9551579174
숭실대학생회관점,서울특별시 동작구 상도로 369 학생회관 4층 ,37.496428968863,126.9551579174
숭실대형남공학관점,서울특별시 동작구 상도로 369 형남공학관2F ,37.496428968863,126.9551579174
스마트코엑스점,서울특별시 강남구 영동대로 513 H115호 ,37.511823912113,127.05915904384
스타필드코엑스몰1호점,서울특별시 강남구 영동대로 513(삼성동) B1 P101호 ,37.511823912113,127.05915904384
스타필드코엑스몰2호점,서울특별시 강남구 영동대로 513(삼성동) B1F A105호 ,37.511823912113,127.05915904384
스타필드코엑스몰4호점,서울특별시 강남구 영동대로 513(삼성동) B1 C109호 ,37.511823912113,127.05915904384
시립대후문점,서울특별시 동대문구 망우로18다길 37(휘경동)  ,37.585686210799,127.06098887437
시조사삼거리점,서울특별시 동대문구 이문로 3 1동 102호 ,37.588670241901,127.05368612061
시흥배곧점,경기도 시흥시 서울대학로278번길 19-13 제108동 B동 141호 ,37.370486405904,126.72773847493
신길뉴타운점,서울특별시 영등포구 신길로 119  ,37.503510740214,126.90970955218
신길우신점,서울특별시 영등포구 도신로48길 26  ,37.50893319295,126.9133521785
신길위브점,서울특별시 영등포구 신길로60다길 1  ,37.514444315069,126.91316211447
신내우디안점,서울특별시 중랑구 신내역로 165 상가동1층 107~108호 ,37.616559229504,127.10975613002
신당솔하임점,서울특별시 중구  퇴계로 448 (신당동)  ,37.565384433183,127.02122508685
신당역점,"서울특별시 중구 퇴계로75길 7(흥인동) 동대문와이즈캐슬상가107,108호 ",37.565752937434,127.01544350001
신당점,서울특별시 중구 난계로 163(황학동) 올리브 101 ,37.566177093234,127.02332735558
신대방역점,서울특별시 동작구 신대방길 5  ,37.487748653036,126.91226131924
신대방행복점,서울특별시 관악구 신사로 116-1  ,37.48790222696,126.91515644457
신림고시촌점,서울특별시 관악구 신림로17길 34  ,37.469256992662,126.93634464751
신림동양점,서울특별시 관악구 남부순환로181길 46  ,37.486614818449,126.93068843688
신림드림점,서울특별시 관악구 남부순환로161가길 45  ,37.48463435259,126.91628119371
신림팔구팔구점,서울특별시 관악구 신림로67길 11 1층 ,37.48603693207,126.92860398675
신방화점,서울특별시 강서구 양천로24길 43  ,37.57135463359,126.815569782
신사효성점,서울특별시 은평구 갈현로3길 21  ,37.600462652725,126.90788959134
신세계강남점,서울특별시 서초구 신반포로 176 신세계백화점B2층 임직원 식당 ,37.50393445623,127.00241119724
신세계본점,서울특별시 중구 소공로 63 15층 ,37.560919019936,126.98097903408
신세계영등포점,서울특별시 영등포구 영중로 9 B관 8층 ,37.5171883491,126.90556662128
신세계영등포제일점,서울특별시 영등포구 영중로3길 5 1층 ,37.5171883491,126.90556662128
신월거산점,서울특별시 양천구 월정로 246  ,37.540003671449,126.83238608323
신월경희점,서울특별시 양천구 남부순환로33길 28  ,37.538231056975,126.83043746974
신월스타점,서울특별시 양천구 곰달래로5길 64-1(신월동)  ,37.535050588381,126.83173902007
신월양강점,서울특별시 양천구 오목로 71  ,37.523024913902,126.8455762391
신월으뜸점,서울특별시 양천구 신월로15길 26  ,37.520608292939,126.84139575721
신월중앙점,서울특별시 양천구  남부순환로65길 12  ,37.527836968147,126.83542521055
신정역점,서울특별시 양천구 오목로 182  ,37.524996987438,126.85759081277
신천대박점,서울특별시 송파구 올림픽로12길 4-15  ,37.511070040894,127.08219910669
신촌대현점,서울특별시 서대문구 연세로2길 75 1층 ,37.557089596573,126.94091768584
신촌빌리지점,서울특별시 서대문구 신촌로11길 39  ,37.55846591114,126.93337895056
쌍림한국점,서울특별시 중구 마른내로 138 1층 2호 ,37.564523952832,127.00325277055
쌍문타운점,서울특별시 도봉구 노해로48길 113  ,37.650451082076,127.03460927778
쌍문한양점,서울특별시 도봉구 시루봉로 56 한양6차 상가 101호 ,37.655818135271,127.02821998261
쌍용시티점,서울특별시 영등포구 도영로7길 15-1  ,37.509014978426,126.8946911905
암사스타점,서울특별시 강동구 고덕로10길 25  ,37.553435865623,127.13015036246
암사역점,서울특별시 강동구 상암로 44  ,37.5495853,127.1278995
양재매헌점,서울특별시 서초구 언남12길 1  ,37.474311804105,127.04442900434
양재우성점,서울특별시 서초구 바우뫼로 101  ,37.474996933744,127.03219719109
양천기쁨점,서울특별시 양천구 남부순환로54길 48-1  ,37.531924262107,126.82642212406
양천대승점,서울특별시 양천구 신정로7길 60-14  ,37.512564298373,126.83931235643
양천목동점,서울특별시 양천구 목동중앙북로16길 70  ,37.543103952131,126.87384611701
양천신월로점,서울특별시 양천구 신월로 261  ,37.522645786466,126.85063138698
양천오목로점,서울특별시 양천구 오목로15길 28  ,37.525429289684,126.84575477661
양평선유도점,서울특별시 영등포구 양평로30길 38  ,37.543135814511,126.88821150288
에너비스동교점,서울특별시 서대문구 연희로 12  ,37.559871205439,126.92684947533
여의나라키움점,서울특별시 영등포구 여의대방로 376 109호 ,37.51819004809,126.93135604337
여의도점,서울특별시 영등포구 여의공원로 101(여의도동) CCMM빌딩 지하 2층 ,37.52925403869,126.92491085801
여의도SK점,서울특별시 영등포구 국제금융로8길 31(여의도동) SK증권빌딩 1층 ,37.519745022895,126.928065107
역삼리테일점,서울특별시 강남구 언주로103길 10  ,37.506761523599,127.03927391184
역삼서희점,서울특별시 강남구 도곡로3길 19 1층 109호 ,37.491373580983,127.03251178769
역삼센터점,서울특별시 강남구 테헤란로38길 40  ,37.500037995442,127.04277503903
역삼승리점,서울특별시 강남구 강남대로94길 55  ,37.500538852339,127.0316607975
역삼신한점,서울특별시 강남구 역삼로 176  ,37.495354240711,127.03847522842
역삼은성점,서울특별시 강남구 논현로68길 12 1층 ,37.494618190686,127.0409400275
역삼중앙점,서울특별시 강남구 논현로85길 70  ,37.497774989483,127.03242205816
역삼초교점,서울특별시 강남구 역삼로8길 21  ,37.492767850668,127.03424475789
역촌타운점,서울특별시 은평구 연서로3길 8(역촌동)  ,37.602469296512,126.91479027666
연대제중학사점,서울특별시 서대문구 연세로 50 지하2층 ,37.563804815054,126.94293162098
연세장례식장강남점,서울특별시 강남구 언주로 211 연세대학교 장례식장 지하2층 ,37.492806984645,127.04631254186
연세장례식장신촌1호점,서울특별시 서대문구 연세로 50-1 신촌세브란스병원 장례식장 지하1층 ,37.563804815054,126.94293162098
연세장례식장신촌2호점,서울특별시 서대문구 연세로 50-1 신촌세브란스병원 장례식장 지하2층 ,37.563804815054,126.94293162098
연신로데오점,서울특별시 은평구 연서로 211  ,37.608867215393,126.91111354154
연희빌리지점,서울특별시 서대문구 연희로31길 30  ,37.575978407969,126.93374156779
연희제일점,서울특별시 서대문구 연희로11가길 54  ,37.566452343986,126.92727316222
영동대로점,서울특별시 강남구 영동대로 732  ,37.523372156417,127.05583844357
영등포공원점,서울특별시 영등포구 영신로20길 14 재가파크빌 ,37.515436083439,126.90925178437
영등포메인점,서울특별시 영등포구 영등포로46길 3  ,37.518972443304,126.90798679943
영등포미진점,서울특별시 영등포구 버드나루로 87 미진오피스텔102호 ,37.525966595231,126.90872316266
영등포선유로점,서울특별시 영등포구 선유로 250  ,37.534778461806,126.89729548343
영등포성심병원점,"서울특별시 영등포구 버드나루로7길 7 106호,107호 ",37.522835236452,126.90999362752
영등포어반점,서울특별시 영등포구 국회대로54길 55  ,37.520985460399,126.91056303951
영등포영중점,서울특별시 영등포구 양산로 180  ,37.522930997887,126.90292132781
영등포우체국점,서울특별시 영등포구 선유동2로 13  ,37.530390213452,126.89482236381
영등포점,서울특별시 영등포구 경인로 861  ,37.517170744308,126.90826580527
영등포푸른숲마을점,서울특별시 영등포구 가마산로79길 46 푸른숲마을아파트상가 ,37.50869,126.91790985455
영등포KT점,서울특별시 영등포구 영중로 119(영등포동8가) 리마크빌 영등포 1층 ,37.526749363771,126.90503869771
영릉송파가락점,서울특별시 송파구 오금로34길 6  ,37.502974172639,127.12492915345
영릉송파중앙점,서울특별시 송파구 송파대로30길 3  ,37.4943499119,127.11792977113
예술의전당점,서울특별시 서초구  남부순환로 2406 (서초동 예술의전당) 비타민스테이션 내 편의점 ,37.480240736983,127.01421388257
오금역점,서울특별시 송파구 중대로25길 6  ,37.50324847668,127.12833963432
오라카이청계산호텔점,서울특별시 서초구 청계산로9길 1-7  ,37.448978265227,127.05466653522
오목교역점,서울특별시 양천구 오목로 지하 342 지하1층 ,37.524451239657,126.87535270115
옥수하이츠점,서울특별시 성동구 한림말길 48  ,37.541010261404,127.01619696307
왈도강서캠퍼스점,서울특별시 강서구 양천로 660 L03호 ,37.552137629227,126.8701049394
왕십리도선점,서울특별시 성동구 무학로8길 42-2  ,37.565151322856,127.03555677639
왕십리청계벽산점,서울특별시 성동구 무학로 44  ,37.568127139677,127.03036616248
외대앞역점,서울특별시 동대문구 휘경로 18-1  ,37.595557011926,127.06188921398
외대이문점,서울특별시 동대문구 외대역동로 106(이문동)  ,37.597378984533,127.06492999927
용두중앙점,서울특별시 동대문구 고산자로30길 24(용두동)  ,37.57581248575,127.03965519443
용산메가트리움점,서울특별시 용산구  한강대로43길 8 벽산메가트리움 104동 210호 ,37.532582512962,126.96975121075
용산삼각지점,서울특별시 용산구 한강대로54길 12  ,37.532583116814,126.97220858518
용산삼일점,서울특별시 용산구 청파로 299  ,37.546313182599,126.96998409063
용산센트럴점,서울특별시 용산구 한강대로 95 용산레미안 더센트럴 B 146호 ,37.528817385267,126.96665378911
용산신창점,서울특별시 용산구 효창원로 54  ,37.535637674446,126.95516352846
용산청룡점,서울특별시 용산구 한강대로 257 청룡빌딩 1층 ,37.541245146145,126.97255614121
용산트럼프월드점,서울특별시 용산구 한강대로 26 2층 201호 ,37.523102014483,126.96288159548
용산한남점,서울특별시 용산구 한남대로40길 25  ,37.543093354392,127.00336318345
월계본점,서울특별시 노원구 덕릉로 60길 182  ,37.632703903586,127.04368478399
월계아이파크점,서울특별시 노원구 초안산로2라길 26  ,37.630009928658,127.05667170993
월계예지점,서울특별시 노원구 초안산로1길 18 상가 3호 ,37.62916118226,127.05160405277
월계풍림점,서울특별시 노원구 화랑로45길 10-16  ,37.616099703366,127.06598401008
위례포레샤인점,서울특별시 송파구 위례순환로 477 근린2상가 104호 ,37.475110000157,127.13655809314
은광여고점,서울특별시 강남구 남부순환로359길 41  ,37.487296659382,127.03517430012
은평갈현로점,서울특별시 은평구 갈현로4길 5  ,37.601855268073,126.91100094057
은평구청점,서울특별시 은평구 서오릉로2길 9  ,37.602470783626,126.92783151476
은평로점,서울특별시 은평구 은평로12길 8-8  ,37.600251139566,126.92485734125
은평새절역점,서울특별시 은평구 가좌로 251-2  ,37.59154856088,126.91503529939
은평선일점,서울특별시 은평구 갈현로29길 30  ,37.620793973471,126.91282561377
은평수색빌리지점,서울특별시 은평구 수색로22가길 9-1  ,37.586156315885,126.89044793848
은평연서로점,서울특별시 은평구 연서로21길 3  ,37.614211737115,126.91723399261
은평예일점,서울특별시 은평구 연서로13길 9 1층 ,37.609424489567,126.91491983407
은평제일점,서울특별시 은평구 은평로8길 24-1  ,37.598295893614,126.91965069011
은평진흥로점,서울특별시 은평구 진흥로12가길 18  ,37.607887680753,126.92851576401
은평한옥마을점,서울특별시 은평구 연서로 528  ,37.64074826506,126.93767698381
을지로3가점,서울특별시 중구 을지로14길 21  ,37.56526138662,126.99221593401
을지로기업은행점,서울특별시 중구 을지로 79 19층 ,37.566491999986,126.98656660296
응암대림점,서울특별시 은평구 가좌로 211-1  ,37.588729785821,126.91819359535
응암스카이점,서울특별시 은평구 백련산로4길 10  ,37.594656979983,126.92415854617
응암신사점,서울특별시 은평구 증산로 467  ,37.597890526167,126.91512864343
응암역점,서울특별시 은평구 은평로3길 1  ,37.599146058587,126.91463134159
응암오거리점,서울특별시 은평구 가좌로 235  ,37.590591712132,126.91630293902
응암초교점,서울특별시 은평구 가좌로6길 12  ,37.587694214677,126.92169102829
이대기숙사점,서울특별시 서대문구  이화여대길 52 (대현동 이화여자대학교)  ,37.564464517825,126.95028883776
이대목동병원점,서울특별시 양천구 안양천로 1071(목동) 이대목동병원 장례식장 지하1층 ,37.536719,126.886234
이대빌리지점,서울특별시 서대문구 이화여대1길 30  ,37.557358048212,126.94415646452
이마트24본점,서울특별시 성동구 광나루로 310 푸조비즈타워 101호 ,37.5478119,127.0644755
이마트용산점,서울특별시 용산구 한강대로23길 55  ,37.529773603826,126.96474274711
이마트월계점,서울특별시 노원구 마들로3길 15(월계동)  ,37.626509360422,127.06197977861
이태원2동점,서울특별시 용산구 회나무로13가길 57  ,37.541008812362,126.99283728176
이태원제일점,서울특별시 용산구 이태원로 227  ,37.535635368366,126.99885498866
이태원해밀턴점,서울특별시 용산구 이태원로 173  ,37.534656514826,126.99326466071
이화사거리점,서울특별시 종로구 대학로 60  ,37.576555050354,127.00257655255
이화여대점,서울특별시 서대문구 이화여대길 70  ,37.559261225369,126.94454087177
이화연대점,서울특별시 서대문구 성산로 565  ,37.566419303513,126.94634343515
인덕대후문점,서울특별시 노원구 초안산로2라길 1  ,37.632147561529,127.05714155893
인수점,서울특별시 강북구 인수봉로 272(수유동)  ,37.642921427941,127.01113117483
자양건대점,서울특별시 광진구 아차산로38길 17  ,37.537716385137,127.07485775609
자양스타점,서울특별시 광진구 자양로13길 47  ,37.534167269545,127.08189441761
자양우성점,서울특별시 광진구 능동로10길 109(자양동)  ,37.535513993354,127.07540316769
자양중한점,서울특별시 광진구 동일로18길 107  ,37.538326224975,127.06870993305
잠실나눔점,서울특별시 송파구 삼전로 99  ,37.507262646003,127.09013210168
잠실로얄점,서울특별시 송파구 도곡로64길 6  ,37.505203715409,127.0785869018
잠실서일점,서울특별시 송파구 백제고분로11길 5  ,37.507954703695,127.08000355554
잠실시그마점,서울특별시 송파구 올림픽로 289  ,37.514615545661,127.10252440495
잠실신천점,서울특별시 송파구 올림픽로12길 36  ,37.508244291762,127.08338335318
잠실아이파크점,서울특별시 송파구 강동대로 74 2층 202호 ,37.526440234029,127.11493188265
잠실올스타점,서울특별시 송파구 백제고분로19길 30  ,37.507252446329,127.08764195515
장로회신학대점,서울특별시 광진구 광장로5길 25-1 장로회신학대학교 학생회관 1층 ,37.550080584316,127.10475399565
장안미소점,서울특별시 동대문구 장한로10길 25-2  ,37.564940498956,127.06892871309
장안빌리지점,서울특별시 동대문구 답십리로 292-3  ,37.571735612779,127.07299912212
장안쉐르빌점,서울특별시 동대문구 장한로21길 16  ,37.570214793216,127.06931164696
장안스타점,서울특별시 동대문구 한천로2길 77(장안동)  ,37.562705374013,127.06283552655
장안신부점,서울특별시 동대문구 장한로36길 15  ,37.57766893126,127.07314574357
장안에이스점,서울특별시 동대문구 한천로 170  ,37.57605825941,127.06780408433
장위신일점,서울특별시 성북구  월계로 172(장위동)  ,37.619275143808,127.0448911804
전농사거리점,서울특별시 동대문구 사가정로 122(전농동) 전농동하우스토리 103호 ,37.577210914022,127.0585185926
전문건설회관점,서울특별시 동작구 보라매로5길 15 전문건설회관건물 지하1층 ,37.492002501924,126.92426065446
정독천수점,서울특별시 종로구 북촌로5길 52  ,37.579671167931,126.98214451658
정릉508점,서울특별시 성북구 북악산로1길 58 B1F ,37.598230305102,127.00567277726
정릉개울점,서울특별시 성북구 정릉로23길 48-3  ,37.60780767079,127.00957381242
정릉국민대점,서울특별시 성북구 정릉로10길 59(정릉동)  ,37.607289719061,126.9995922933
제기약령시점,서울특별시 동대문구 고산자로 505-1  ,37.584913681109,127.03833106953
조원센터점,서울특별시 관악구 조원로12길 17  ,37.482887202503,126.90803389605
종로3가점,서울특별시 종로구 율곡로8길 101  ,37.5728138721,126.99192207415
종로낙원점,서울특별시 종로구 돈화문로11길 41  ,37.572395581597,126.98907856045
종로당주점,서울특별시 종로구 새문안로5길 11  ,37.571193255704,126.9747253337
종로동묘점,서울특별시 종로구 종로52길 54  ,37.571216480188,127.01547949282
종로디아트점,서울특별시 종로구 종로18길 37  ,37.568670976232,126.99150381933
종로마루점,서울특별시 종로구 난계로27길 44-7  ,37.573237632171,127.02053452976
종로창신역점,서울특별시 종로구 동망산길 1  ,37.579792658699,127.01500148335
종로창신점,서울특별시 종로구 종로50길 29  ,37.570640259123,127.01275496398
종로BS타워점,서울특별시 종로구 종로35길 12  ,37.571798474606,127.00412935336
종암중앙점,서울특별시 성북구 월곡로 56-1(종암동) 101호 ,37.597368648252,127.03938829545
중계불암점,서울특별시 노원구 중계로16가길 1  ,37.651175693161,127.08142611467
중곡면목로점,서울특별시 광진구 면목로 136-1  ,37.565576796558,127.08123234037
중곡아차산점,서울특별시 광진구 영화사로3가길 25  ,37.557421063256,127.09364628367
중곡용마로점,서울특별시 광진구 용마산로 183  ,37.570015065195,127.08586549246
중곡하나점,서울특별시 광진구 동일로70길 53  ,37.563979076139,127.07975556249
중구굿모닝점,서울특별시 중구 장충단로 249-10  ,37.567292594725,127.00774228338
중구명동점,서울특별시 중구 퇴계로14길 29(남산동1가) 그랜드 필드 ,37.559193605428,126.98397837728
중구소공점,서울특별시 중구 소공로 100-1 1층 ,37.563777238595,126.97981667993
중랑동일점,서울특별시 중랑구 동일로152길 18  ,37.608423527267,127.07933639124
중랑상봉점,서울특별시 중랑구 상봉중앙로8가길 43(상봉동)  ,37.600548121904,127.09040758678
중랑장미공원점,서울특별시 중랑구 동일로169길 44  ,37.61368860973,127.07425427615
중랑중화점,서울특별시 중랑구 동일로123길 73  ,37.598555552952,127.07614571956
중랑진선미2호점,서울특별시 중랑구 동일로139길 78  ,37.60315330331,127.07460030036
중랑하늘점,서울특별시 중랑구 숙선옹주로5길 4-4  ,37.614599606938,127.0809558163
중림점,서울특별시 중구 청파로 464(중림동) 브라운스톤 ,37.560635646996,126.96834095342
중화바른점,서울특별시 중랑구 동일로136나길 37  ,37.603563018656,127.08279010725
중화역점,서울특별시 중랑구 동일로 799  ,37.601827795661,127.07912101839
중화태릉시장점,서울특별시 중랑구 중랑역로 57  ,37.598870528306,127.0774092224
진관솔하임점,서울특별시 은평구 통일로 1080 솔하임오피스텔 117호 ,37.639235133117,126.91753095988
창동현대타운점,서울특별시 도봉구 도봉로114길 22-8  ,37.647118149224,127.03526958837
창천원룸점,서울특별시 서대문구 신촌로3길 10 1층 ,37.558546357551,126.92917771066
천호강변점,서울특별시 강동구 올림픽로89길 39  ,37.54772527774,127.12418609535
천호도서관점,서울특별시 강동구 성안로31길 42  ,37.540985492871,127.13442892407
천호베네시티점,서울특별시 강동구 올림픽로 664 M101-1호 ,37.540555377209,127.12497576276
천호브라운스톤점,서울특별시 강동구 천호대로 1006  ,37.538050048125,127.12378738495
천호태영점,"서울특별시 강동구 진황도로 32 1층 1,2호 ",37.538723906153,127.13056380152
청계천점,서울특별시 종로구 청계천로 35 1층 ,37.569338441967,126.98137726173
청담리테일점,서울특별시 강남구 영동대로137길 3 1층 102호 ,37.521793833629,127.05534190392
청담본점,서울특별시 강남구 도산대로 57길 22 지하 1층 ,37.525089896217,127.04170783986
청담아이어스점,서울특별시 강남구 선릉로152길 7  ,37.524236279493,127.0401688485
청담에이스점,서울특별시 강남구 도산대로 542 101호 ,37.524580796311,127.05302475203
청담좋은날점,서울특별시 강남구 영동대로128길 5 청구상가 101-102호 ,37.520148872145,127.0581561329
청담하나점,서울특별시 강남구 도산대로78길 31(청담동)  ,37.522215765035,127.04636238817
청량리수산시장점,서울특별시 동대문구 왕산로30길 18  ,37.577733837759,127.04050549282
청량리신역사점,서울특별시 동대문구 제기로38길 14  ,37.585297390424,127.05038235936
청량리타운점,서울특별시 동대문구 왕산로40길 8  ,37.579656699169,127.04508927465
청량리태양점,서울특별시 동대문구 제기로28길 9  ,37.586396529478,127.0447483578
충무로대한극장점,서울특별시 중구 퇴계로 212  ,37.561075882335,126.99534596141
충무로앰버서더호텔점,서울특별시 중구 삼일대로 300  ,37.561507967417,126.98929746037
충정로동아점,서울특별시 서대문구 충정로 35  ,37.56225930176,126.9638398578
코아텔점,서울특별시 서초구 강남대로53길 11 코아텔 쉐르빌 1층 ,37.493962448739,127.02791731781
태릉입구역점,서울특별시 노원구 화랑로 419-11(공릉동)  ,37.617786622672,127.07374638108
테스트점포,서울특별시 성동구 광나루로 310 푸조비즈타워 4층 ,37.555589207035,126.981204133
퇴계로점,서울특별시 중구 퇴계로 247 1층 ,37.562640282342,126.99929180621
파라스파라서울점,서울특별시 강북구 삼양로 689-1  ,37.664353840725,127.01093229199
파미에파크2호점,서울특별시 서초구 사평대로 205 BP1동-3호 ,37.50449212291,127.00784527085
파미에파크점,서울특별시 서초구 사평대로 205 파미에스테이션 1층 ,37.50449212291,127.00784527085
포스코센터점,서울특별시 강남구 테헤란로 440  ,37.505813255101,127.05613299051
포이사거리점,서울특별시 강남구 개포로 202(개포동)  ,37.478171519992,127.04498300604
풍납점,서울특별시 송파구  강동대로5길 8  ,37.5275074,127.1154073
하계타운점,서울특별시 노원구 공릉로59길 18  ,37.633523165141,127.07095682877
한강망원지구점,서울특별시 마포구 마포나루길 435  ,37.553407352985,126.89659112936
한강파라다이스점,서울특별시 영등포구 여의동로 252 한강파라다이스 ,37.522837511112,126.94157367619
한국은행점,서울특별시 중구 남대문로5길 9  ,37.561744243291,126.97886253077
한마음한양대역점,서울특별시 성동구 왕십리로 206 209-03호 ,37.55557788354,127.04358449354
한양대학교인문관점,서울특별시 성동구 왕십리로 222 인문관 B1 ,37.554503549202,127.04661121678
합정당인점,서울특별시 마포구  토정로5길 30 (합정동)  ,37.546655972108,126.91867876993
합정동마점,서울특별시 마포구  월드컵로1길 21  ,37.549423746796,126.91177263253
항동행정센터점,서울특별시 구로구 연동로 197  ,37.478801932118,126.82270575183
해방타워점,서울특별시 용산구 신흥로26길 20  ,37.54510360368,126.98388566175
행당푸르지오점,서울특별시 성동구 고산자로8길 29  ,37.558363480958,127.03703380265
행복드림점,서울특별시 도봉구 도봉로 879(도봉동)  ,37.682985174774,127.0456052132
행촌독립문점,서울특별시 종로구 통일로12길 50-1  ,37.574548669829,126.96173763703
현대카드1관점,"서울특별시 영등포구 의사당대로 3 B1,현대캐피탈1관 ",37.529126731936,126.91813824549
현대홈씨티점,서울특별시 도봉구 도봉로106길 22(창동)  ,37.64446046976,127.03358015189
호반건설사옥점,서울특별시 서초구 양재대로2길 18 1층 ,37.459764315811,127.02355908657
호반중한점,서울특별시 광진구 능동로 69 상가 104호 105호 ,37.537820185336,127.06908387113
홍대서교점,서울특별시 마포구 와우산로29길 48  ,37.555799189187,126.92764567297
홍대합정점,서울특별시 마포구 양화로6길 39(서교동)  ,37.549037888215,126.9164082698
홍은극동점,"서울특별시 서대문구 포방터10길 23 208,209호 ",37.601845090698,126.95067516322
홍은더프라임점,서울특별시 서대문구 통일로 530  ,37.595200171232,126.94064853149
홍은빌리지점,서울특별시 서대문구 연희로41가길 34  ,37.591006270822,126.93409397117
홍은힐스테이트점,서울특별시 서대문구 가좌로4길 36  ,37.585625848856,126.92508908593
홍제래미안점,서울특별시 서대문구 통일로 319  ,37.57818249619,126.95195021276
홍제문화공원점,서울특별시 서대문구 세검정로4길 10  ,37.594277319942,126.94880231707
홍제행복점,서울특별시 서대문구 세검정로 140 유원하나아파트상가 지하1층 ,37.594684973805,126.95190891783
화곡가로공원점,서울특별시 강서구 가로공원로 217  ,37.537869500656,126.8399380825
화곡까치점,서울특별시 강서구 까치산로 161  ,37.551723357972,126.85261548621
화곡베스트점,서울특별시 강서구 등촌로 49-14  ,37.534532012787,126.86269121224
화곡본동점,서울특별시 강서구 초록마을로10길 21  ,37.541363712109,126.84963905114
화곡사거리점,서울특별시 강서구 화곡로21길 16  ,37.541453369486,126.83688334879
화곡소망점,서울특별시 강서구 강서로15길 95  ,37.53197454894,126.84081957913
화곡수아점,서울특별시 강서구 강서로8길 200  ,37.530942060089,126.85931728284
화곡일동점,서울특별시 강서구 곰달래로19가길 1  ,37.530589045838,126.84233854166
화곡점,"서울특별시 강서구 가로공원로 238(화곡동, 길성이엔이)  ",37.538200527172,126.84221389608
화곡중앙점,서울특별시 강서구 강서로35길 70  ,37.542615529603,126.83497530622
화양가중점,서울특별시 광진구 능동로 13길 103  ,37.545847552188,127.06799488244
황학빌리지점,서울특별시 중구 난계로21길 55  ,37.570430144864,127.02045678566
황학사거리점,서울특별시 성동구 왕십리로 410 상가1동 151 ,37.566590498762,127.02408246322
황학이노점,서울특별시 중구 난계로15길 63 106호 ,37.569007471974,127.01993638392
효창골프장점,서울특별시 용산구 효창원로 164 B동 1층 ,37.542667613416,126.96288411825
효창파크점,서울특별시 용산구  백범로 278 (효창동)  ,37.539607455123,126.96011256949
휘경베스트점,서울특별시 동대문구 장안벚꽃로5길 19  ,37.582067400733,127.07415923285
휘경스타점,서울특별시 동대문구 망우로 14  ,37.587647312133,127.05512591044
E/D)서초센트럴점,서울특별시 서초구 반포대로18길 36 이마트에브리데이 서초센트럴점 ,37.486967951141,127.0116181659
JLL회기로점,서울특별시 동대문구 회기로29길 34  ,37.591681981731,127.05826055157
R가산골드타워점,서울특별시 금천구 가산디지털1로 100  ,37.474751380063,126.88491691693
R가산삼성점,서울특별시 금천구 디지털로9길 41  ,37.4792053824,126.88589097983
R가산하이엔드점,서울특별시 금천구 벚꽃로24길 26  ,37.474091246139,126.88881251933
R갈현대로점,서울특별시 은평구 갈현로 124  ,37.608865774574,126.91111456255
R강남세무서점,서울특별시 강남구 학동로67길 14  ,37.519229474526,127.04683575181
R강남역삼점,서울특별시 강남구 강남대로 428  ,37.500824767271,127.02682515299
R강동ECT점,서울특별시 강동구 천호대로 1077 래미안강동팰리스 이스트센트럴타워 ,37.537256107476,127.13143925361
R강북419점,서울특별시 강북구 4.19로 45  ,37.646921678987,127.00937509571
R강서등촌빌리지점,서울특별시 강서구 등촌로13길 67  ,37.536270173985,126.85996475553
R강서방화점,서울특별시 강서구 양천로14길 44 1층 ,37.571265543361,126.80950987997
R개포국악점,서울특별시 강남구 논현로6길 11  ,37.47340153257,127.05044179577
R경희대청운관점,서울특별시 동대문구 경희대로 26-6  ,37.593744388423,127.05322313932
R고척중앙점,서울특별시 구로구 경인로47길 126-5  ,37.504649746902,126.8633310069
R공항대로점,서울특별시 강서구 공항대로2길 64  ,37.558515881359,126.80859164824
R관악신림현대점,서울특별시 관악구 신림로 169 101호 ,37.474237411225,126.93371199335
R관악신세계점,"서울특별시 관악구 난곡로 100 B1층 2~4, 20~23호 ",37.464500179539,126.91961368506
R관악에이스점,서울특별시 관악구 인헌3길 31 상가동 103호 ,37.474165991962,126.96869570048
R관악청룡점,서울특별시 관악구 청룡중앙길 12  ,37.47856740333,126.94713462751
R광진아너스빌점,서울특별시 광진구 자양로3길 55  ,37.529476849596,127.08393192509
R구로동부점,서울특별시 구로구 고척로 49  ,37.500007259091,126.84136899952
R구로디지털단지역점,서울특별시 구로구 도림천로 477 232-001호 ,37.485314923786,126.90149437841
R구로신성점,서울특별시 구로구 시흥대로161길 50 신성미소지움아파트 상가 ,37.479792815166,126.89673629904
R국민대법학관점,서울특별시 성북구 정릉로 77  ,37.61028784309,126.99852064481
R국민대복지관점,서울특별시 성북구 정릉로 77  ,37.61028784309,126.99852064481
R궁동점,서울특별시 구로구 부일로17길 158-3  ,37.498804388243,126.83019983671
R금호파크힐스점,서울특별시 성동구 금호로 140 신금호파크힐스 단지내상가 B동 201호 ,37.553725583492,127.02192932344
R꿈의숲아이파크점,"서울특별시 성북구 돌곶이로40길 46 상가 103호, 104호 ",37.619829072256,127.0496133229
R남가좌진성점,서울특별시 서대문구 증가로10길 16-41  ,37.578066764208,126.92407020655
R논현성덕빌딩점,서울특별시 강남구 강남대로114길 41  ,37.506694943703,127.02745563535
R논현스타점,서울특별시 강남구 봉은사로1길 42  ,37.50746638598,127.02414749091
R논현점,서울특별시 강남구 언주로 728 지하1층 ,37.519859262202,127.03489580827
R논현TJ점,서울특별시 강남구 논현로121길 27  ,37.510200046261,127.03034584717
R대치역점,서울특별시 강남구 남부순환로 2947 대원빌딩 1층 ,37.494569022513,127.06266067972
R동대문엘리니티점,서울특별시 동대문구 안암로12길 15  ,37.58026080304,127.02756244042
R둔촌중앙점,서울특별시 강동구 진황도로 156  ,37.53209333307,127.14145840388
R명동역점,서울특별시 중구 퇴계로 136  ,37.560826569471,126.98687547386
R목동9단지점,서울특별시 양천구 목동서로 340  ,37.519424679791,126.86403820509
R문정대명점,서울특별시 송파구 새말로 136  ,37.483099497403,127.12912012799
R문정로데오점,서울특별시 송파구 송이로 171  ,37.49209472826,127.12601116312
R방배다현점,서울특별시 서초구 효령로27길 41  ,37.482558764588,126.99440834
R보라매서울대병원점,서울특별시 동작구 보라매로5길 20  ,37.493013748157,126.92433245624
R보문미소점,서울특별시 성북구 보문로 43-4  ,37.579473047015,127.02207227148
R북가좌래미안점,서울특별시 서대문구 수색로 100 DMC래미안이편한아파트 3단지 상가2동 101-102호 ,37.574727909761,126.90781692543
R삼성에이타워점,서울특별시 강남구 테헤란로79길 11-1  ,37.507582531502,127.0550417592
R서대문북아현점,서울특별시 서대문구 북아현로 84  ,37.564296341905,126.95371160315
R서울의료원점,서울특별시 중랑구 신내로 156 서울의료원 지하1층 ,37.613091312497,127.09918698943
R서초꽃마을점,서울특별시 서초구 반포대로27길 13 110호 ,37.489693105758,127.00760468424
R서초오퓨런스점,서울특별시 서초구 서초대로 254  ,37.492020711697,127.00962098056
R선릉아크로텔점,서울특별시 강남구 선릉로 524  ,37.506656418088,127.04838855783
R성수낙낙점,"서울특별시 성동구 아차산로17길 49 A동 104,105호 ",37.546768373817,127.06527930781
R성수역점,서울특별시 성동구 성수이로 113 1층 ,37.545442515836,127.0570000624
R센터필드점,서울특별시 강남구 테헤란로 231 B1층 ,37.502881354177,127.04135654026
R센트럴DMC점,서울특별시 은평구 수색로 200  ,37.579419537592,126.90067327671
R송파위례힐스테이트점,"서울특별시 송파구 위례광장로 170 힐스테이트상가 B동 101,102호 ",37.479896021226,127.14232479569
R수서사이룩스점,서울특별시 강남구 광평로 295 서관 103호 ,37.488559104032,127.10447071516
R신내데시앙점,서울특별시 중랑구 용마산로 669  ,37.609767381538,127.09897633664
R신사불광천점,서울특별시 은평구 증산로 445  ,37.595917452096,126.91463752133
R신사카페점,서울특별시 은평구 갈현로3길 46-26 1+2층 ,37.601813447168,126.9050842429
R신사케이타워점,서울특별시 강남구 도산대로 119  ,37.51732614242,127.02146541261
R신월신화점,서울특별시 양천구 신월로10길 16 삼성아파트상가 ,37.515604759694,126.84052858961
R신월올림푸스점,서울특별시 양천구 가로공원로 82  ,37.535206578113,126.82499989443
R양재선일빌딩점,서울특별시 서초구 바우뫼로41길 39  ,37.482251641413,127.04052331321
R역삼올네이션점,서울특별시 강남구 역삼로 152  ,37.494672614173,127.03594795771
R역삼윤이점,서울특별시 강남구 논현로63길 7  ,37.493173316764,127.03967557742
R역촌사거리점,서울특별시 은평구 역말로 97  ,37.608153787,126.91988697871
R연세로점,서울특별시 서대문구 연세로 30  ,37.558268939442,126.93713300082
R연희프리미엄점,서울특별시 서대문구 연희로8길 7  ,37.565583997622,126.93062235365
R연희햇살점,서울특별시 서대문구 가좌로 31  ,37.577247551238,126.93200351859
R영등포아자점,서울특별시 영등포구 영중로10길 6  ,37.519031929725,126.90618000092
R용산트리스퀘어점,서울특별시 용산구 백범로99길 40  ,37.535825863782,126.97163928733
R은평서부점,서울특별시 은평구 진흥로 53  ,37.601926631415,126.92033893096
R은평수색롯데점,서울특별시 은평구 수색로 300  ,37.585078574195,126.89037853013
R은평신사점,서울특별시 은평구 갈현로1길 24-1  ,37.599609088411,126.90747244765
R은평역촌역점,서울특별시 은평구 서오릉로 58  ,37.605846376538,126.92359124457
R은평우정점,서울특별시 은평구 통일로 805  ,37.615860280628,126.92407585297
R은평응암로점,서울특별시 은평구 응암로 181  ,37.588209370274,126.91651733356
R은평이룸채점,서울특별시 은평구 통일로 1045  ,37.635821439962,126.91644709975
R은평증산로점,서울특별시 은평구 증산로 337  ,37.586648682502,126.9120659992
R은평현대점,"서울특별시 은평구 서오릉로21길 36 105호, 106호, 107호 ",37.612772093019,126.90497472506
R응암증산점,서울특별시 은평구 응암로9길 19  ,37.58757819335,126.91421125434
R응암프리미엄점,서울특별시 은평구 응암로16길 20  ,37.591355549675,126.91964003567
R이태원점,서울특별시 용산구 회나무로26길 12  ,37.539558818298,126.99127731736
R인덕대학교점,서울특별시 노원구 초안산로 12 인덕대학교 연지스퀘어 B1 ,37.63034386615,127.05449991527
R자곡시티점,서울특별시 강남구 자곡로 192  ,37.474469301566,127.10397221576
R자양한강점,서울특별시 광진구 능동로3길 54  ,37.534224623848,127.0645159833
R종로대호점,서울특별시 종로구 김상옥로 24  ,37.573019574635,127.0004029918
R종로성대점,서울특별시 종로구 성균관로 13  ,37.583874459993,126.99770759474
R종암래미안점,서울특별시 성북구 종암로23길 35  ,37.5981647936,127.02975125343
R중곡역점,서울특별시 광진구 능동로 400 보건복지행정타운 1층 136호 ,37.565058083065,127.08445683899
R중구대호점,서울특별시 중구 동호로 218  ,37.557314847624,127.0092795416
R중랑초등학교점,서울특별시 중랑구 봉우재로 25  ,37.590130482884,127.07598846986
R청담라클래시점,서울특별시 강남구 삼성로 651  ,37.518351305647,127.05003653564
R충무로스타점,서울특별시 중구 퇴계로 184 101호 ,37.560848486773,126.99222669265
R한남제일점,서울특별시 용산구 이태원로 245  ,37.536908307521,127.00004005344
R해방촌점,서울특별시 용산구 신흥로11길 1  ,37.542964618274,126.98749733442
R홍대기숙사점,서울특별시 마포구 와우산로 94 홍익대학교 제2기숙사 B117 ,37.552519252397,126.92499061949
R홍제안산점,서울특별시 서대문구 모래내로24길 29  ,37.583040034509,126.9438123593
R화양사거리점,서울특별시 성동구 광나루로 328  ,37.5480241036,127.06623594379
RSKT타워1호점,서울특별시 중구 을지로 65  ,37.566488043337,126.98512795802
S동대문DDP역점,서울특별시 중구 을지로 지하279 205-106호 ,37.565589522977,127.00913149842
S을지로입구역점,서울특별시 중구 을지로 54-1 B1-61 ,37.565911056323,126.98383918746
self광진삼성점,서울특별시 광진구 아차산로70길 17-17  ,37.541699287416,127.1025258366
self국립항공박물관점,서울특별시 강서구 하늘길 177  ,37.55686976589,126.80887234623
self금호자이점,서울특별시 성동구 금호산8길 13  ,37.550548131859,127.02139243854
self녹천역점,서울특별시 도봉구 노해로66길 83-40  ,37.646398494544,127.05007415038
self대림성모병원점,서울특별시 영등포구 시흥대로 657  ,37.490689793271,126.90716733115
self사당롯데캐슬점,서울특별시 동작구 사당로27길 190  ,37.490957111073,126.97158739717
self서울식물원점,서울특별시 강서구 마곡동로 161  ,37.572244407987,126.83284283132
self신세계프라퍼티점,서울특별시 강남구 테헤란로 231  ,37.502881354177,127.04135654026
self오피스디포여의도점,서울특별시 영등포구 은행로 25  ,37.528694924522,126.92138370833
self오피스디포역삼점,서울특별시 강남구 테헤란로 316  ,37.503078127739,127.04553763033
self위례대길점,서울특별시 송파구 위례광장로 193  ,37.481737560895,127.14220109384
self제인병원점,서울특별시 성동구 광나루로 243  ,37.549461267755,127.05694371131
self중구은수점,서울특별시 중구 퇴계로80길 1  ,37.565321449,127.01799807073
self헤센파크힐점,서울특별시 서초구 사임당로 115  ,37.491170508439,127.02236197055
self현대카드3관점,서울특별시 영등포구 의사당대로 3  ,37.529126731936,126.91813824549
self홍제행복기숙사점,서울특별시 서대문구 송죽길 62  ,37.586040520468,126.93804846958
self힐스포파크점,서울특별시 동대문구 답십리로 209  ,37.573320107089,127.06381717477
selfKIST점,서울특별시 성북구 화랑로14길 5  ,37.601406982973,127.045319456
selfSK대영충전소점,서울특별시 강서구 양천로 242 1층 ,37.572255449626,126.83097921706
SKT타워2호점,서울특별시 중구 을지로 65  ,37.566488043337,126.98512795802
SMART가락제일점,서울특별시 송파구 송파대로 260  ,37.493139013054,127.11886484156
SMART경기대서울학생회관점,서울특별시 서대문구 경기대로9길 24 경기대학교 학생회관 ,37.565194692392,126.96222415034
SMART명지대인문점,서울특별시 서대문구 거북골로 34 종합관(구 본관) 4층 1445호 ,37.580377022381,126.92134853087
SMART바쿠스X하늘공원점,서울특별시 송파구 충민로 66 가든파이브 테크노관 10층 ,37.477614844251,127.12496176888
SMART삼성S&J빌딩점,서울특별시 강남구 영동대로106길 9  ,37.513508404235,127.06184650932
SMART삼육추모관점,서울특별시 동대문구 망우로 82 추모관 1층 ,37.586211938767,127.06355328121
SMART성신여대운정그린점,서울특별시 강북구 도봉로76가길 55 성신여대운정그린캠퍼스 지하 1층 ,37.632204269209,127.02734755703
SMART숭실대숭덕경상관점,서울특별시 동작구 상도로 369 숭실대학교 숭덕경상관 ,37.496428968863,126.9551579174
SMART을지로패션타운점,서울특별시 중구 을지로 227 서울패션벤처타운 B235 ,37.566929125063,127.00438931003
SMART효창공원점,서울특별시 마포구 임정로 55  ,37.544644297361,126.95773551234
SMARTSSG점,서울특별시 강남구 테헤란로 231 센터필드 east동 21층 ,37.502881354177,127.04135654026
SMARTSSG점,서울특별시 강남구 테헤란로 231 센터필드 east동 21층 ,37.502881354177,127.04135654026
